Brand Name;Product Category;Affiliate Program URL;Contact Email / Portal;Match Score
Bellroy;Travel/Lifestyle;https://www.admitad.com/store/offers/bellroy-many-geos/;affiliates@bellroy.com;10
Aer;Travel/Lifestyle;https://www.aersf.com/pages/affiliates;partners@aersf.com;10
Peak Design;Travel/Lifestyle;https://peakdesign.com/pages/affiliate-program;support@peakdesign.com;10
Monos;Travel/Lifestyle;https://monos.com/pages/affiliate-program;partners@monos.com;9
Away;Travel/Lifestyle;https://www.awaytravel.com/affiliates;affiliates@awaytravel.com;8
Tortuga;Travel/Lifestyle;https://www.tortugabackpacks.com/pages/affiliates;support@tortugabackpacks.com;9
Nomad;Travel/Lifestyle;https://nomadgoods.com/pages/affiliates;support@nomadgoods.com;10
Rains;Travel/Lifestyle;https://www.rains.com/pages/affiliate-program;support@rains.com;9
Matador;Travel/Lifestyle;https://matadornetwork.com/creators/;hello@matadorup.com;9
Huckberry;Travel/Lifestyle;https://huckberry.com/affiliate;support@huckberry.com;8
Lutron;Smart Home;https://www.lutron.com/en-US/Pages/Partners/AffiliateProgram.aspx;support@lutron.com;10
Philips Hue;Smart Home;https://www.philips-hue.com/en-us/affiliates;support@philips-hue.com;9
Nest (Google);Smart Home;https://store.google.com/affiliates;support@nest.com;8
Sonos;Smart Home;https://www.sonos.com/en-us/affiliate-program;support@sonos.com;9
August Home;Smart Home;https://august.com/pages/affiliates;support@august.com;8
Eve Home;Smart Home;https://www.evehome.com/affiliates;support@evehome.com;9
Aqara;Smart Home;https://www.aqara.com/en/affiliate-program/;support@aqara.com;9
Nanoleaf;Smart Home;https://nanoleaf.me/en-US/affiliate-program/;support@nanoleaf.me;8
Arlo;Smart Home;https://www.arlo.com/en-us/arlo-affiliate-program/;support@arlo.com;7
Ecobee;Smart Home;https://www.ecobee.com/en-us/affiliate-program/;support@ecobee.com;8
Stripe;Financial SaaS;https://stripe.com/partners/affiliate;support@stripe.com;10
QuickBooks;Financial SaaS;https://quickbooks.intuit.com/partners/affiliate-program/;support@intuit.com;8
Xero;Financial SaaS;https://www.xero.com/us/partners/affiliate-program/;support@xero.com;9
Wave;Financial SaaS;https://www.waveapps.com/affiliates;support@waveapps.com;9
FreshBooks;Financial SaaS;https://www.freshbooks.com/affiliates;support@freshbooks.com;8
Wise;Financial SaaS;https://wise.com/affiliates;support@wise.com;10
Revolut;Financial SaaS;https://www.revolut.com/en-US/affiliates/;support@revolut.com;9
Mercury;Financial SaaS;https://mercury.com/affiliates;support@mercury.com;10
Brex;Financial SaaS;https://www.brex.com/affiliates;support@brex.com;9
Pleo;Financial SaaS;https://www.pleo.io/en/affiliates;support@pleo.io;9
Orbitkey;Lifestyle Accessories;https://www.orbitkey.com/pages/affiliate-program;hello@orbitkey.com;10
Ridge Wallet;Lifestyle Accessories;https://ridge.com/pages/affiliate-program;support@ridgewallet.com;9
Oakywood;Lifestyle Accessories;https://oakywood.shop/pages/affiliates;contact@oakywood.shop;10
Nodus;Lifestyle Accessories;https://noduscollection.com/pages/affiliate-program;support@noduscollection.com;9
Native Union;Lifestyle Accessories;https://www.nativeunion.com/pages/affiliates;hello@nativeunion.com;10
Lutron Caseta;Smart Home;https://www.lutron.com/en-US/Pages/Partners/AffiliateProgram.aspx;support@lutron.com;10
Wemo (Belkin);Smart Home;https://www.belkin.com/affiliates/;support@belkin.com;7
Netatmo;Smart Home;https://www.netatmo.com/en-us/affiliates;support@netatmo.com;8
SwitchBot;Smart Home;https://www.switch-bot.com/pages/affiliates;support@switch-bot.com;8
Shelly;Smart Home;https://www.shelly.com/en/affiliates;support@shelly.com;9
Coinbase;Financial SaaS;https://www.coinbase.com/affiliates;support@coinbase.com;9
eToro;Financial SaaS;https://www.etoro.com/affiliates/;support@etoro.com;7
Robinhood;Financial SaaS;https://robinhood.com/affiliates;support@robinhood.com;8
Acorns;Financial SaaS;https://www.acorns.com/affiliates/;support@acorns.com;8
Betterment;Financial SaaS;https://www.betterment.com/affiliates/;support@betterment.com;8
Tumi;Travel/Lifestyle;https://www.tumi.com/affiliate-program;support@tumi.com;7
Rimowa;Travel/Lifestyle;https://www.rimowa.com/en-us/affiliates/;support@rimowa.com;8
Tado;Smart Home;https://www.tado.com/en/affiliates;support@tado.com;9
Expensify;Financial SaaS;https://www.expensify.com/affiliates;support@expensify.com;8
QuickBooks Online;Financial SaaS;https://quickbooks.intuit.com/partners/affiliate-program/;support@intuit.com;9
Twelve South;Apple Accessories;https://www.twelvesouth.com/pages/affiliates;partners@twelvesouth.com;10
Satechi;Apple Accessories;https://satechi.net/pages/affiliate-program;affiliates@satechi.com;9
Grovemade;Desk Setup;https://grovemade.com/pages/affiliate-program;partners@grovemade.com;10
Keychron;Desk Setup;https://www.keychron.com/pages/affiliate-program;support@keychron.com;9
Notion;Software (SaaS);https://www.notion.so/partners/affiliates;partnerships@makenotion.com;9
Figma;Software (SaaS);https://www.figma.com/affiliates/;affiliates@figma.com;10
Harber London;Apple Accessories;https://harberlondon.com/pages/affiliates;info@harberlondon.com;10
Anker;Apple Accessories;https://www.anker.com/affiliate-program;affiliate@anker.com;8
CalDigit;Apple Accessories;https://www.caldigit.com/affiliates/;support@caldigit.com;9
Belkin;Apple Accessories;https://www.belkin.com/affiliates/;affiliate@belkin.com;8
UAG (Urban Armor Gear);Apple Accessories;https://www.urbanarmorgear.com/pages/affiliates;partners@uag.com;7
Elgato;Desk Setup;https://www.elgato.com/en/affiliate-program;support@elgato.com;8
Logitech (MX Series);Desk Setup;https://www.logitech.com/en-us/partners/affiliate-program.html;affiliate@logitech.com;9
Deskview;Desk Setup;https://www.deskview.com/pages/affiliates;contact@deskview.com;9
BenQ (DesignVue);Desk Setup;https://www.benq.com/en-us/affiliate-program.html;support@benq.com;8
Herman Miller;Desk Setup;https://www.hermanmiller.com/affiliate-program/;customerservice@hermanmiller.com;10
Ableton;Software (SaaS);https://www.ableton.com/en/affiliates/;support@ableton.com;8
Linear;Software (SaaS);https://linear.app/affiliates;support@linear.app;10
Webflow;Software (SaaS);https://webflow.com/affiliates;support@webflow.com;9
Zapier;Software (SaaS);https://zapier.com/affiliates;partner@zapier.com;9
Trello;Software (SaaS);https://trello.com/affiliates;support@atlassian.com;8
Mous;Apple Accessories;https://www.mous.co/pages/affiliates;support@mous.co;8
Pad & Quill;Apple Accessories;https://padandquill.com/pages/affiliates;support@padandquill.com;9
Saddleback Leather;Apple Accessories;https://saddlebackleather.com/affiliates/;info@saddlebackleather.com;7
WaterField Designs;Apple Accessories;https://www.sfbags.com/pages/affiliates;support@sfbags.com;9
Case-Mate;Apple Accessories;https://case-mate.com/pages/affiliates;support@case-mate.com;7
Alogic;Apple Accessories;https://www.alogic.co/pages/affiliates;support@alogic.co;8
Moshi;Apple Accessories;https://www.moshi.com/affiliates;support@moshi.com;8
Incase;Apple Accessories;https://www.incase.com/pages/affiliates;support@incase.com;9
Speck Products;Apple Accessories;https://www.speckproducts.com/affiliates/;support@speckproducts.com;7
Casetify;Apple Accessories;https://www.casetify.com/affiliates/;hello@casetify.com;7
HumanNScale;Desk Setup;https://www.humanscale.com/affiliate-program/;support@humanscale.com;9
Autonomous;Desk Setup;https://www.autonomous.ai/affiliates;affiliate@autonomous.ai;8
Fully;Desk Setup;https://www.fully.com/affiliates;support@fully.com;9
Branch;Desk Setup;https://www.branchfurniture.com/pages/affiliates;support@branchfurniture.com;8
ErgoTune;Desk Setup;https://ergotune.com/pages/affiliates;support@ergotune.com;8
Draft Table;Desk Setup;https://drafttable.com/pages/affiliates;support@drafttable.com;9
Turing;Software (SaaS);https://www.turing.com/affiliates;support@turing.com;7
Grammarly;Software (SaaS);https://www.grammarly.com/affiliates;support@grammarly.com;8
Slack;Software (SaaS);https://slack.com/affiliates;support@slack.com;9
Canva;Software (SaaS);https://www.canva.com/affiliates/;support@canva.com;9
Loom;Software (SaaS);https://www.loom.com/affiliates;support@loom.com;9
Zoom;Software (SaaS);https://zoom.us/affiliates;support@zoom.us;8
Adobe;Software (SaaS);https://www.adobe.com/affiliates.html;support@adobe.com;9
Asana;Software (SaaS);https://asana.com/partners/affiliates;support@asana.com;9
Evernote;Software (SaaS);https://evernote.com/affiliates/;support@evernote.com;8
Pela Case;Sustainable Accessories;https://pelacase.com/pages/affiliates;affiliates@pelacase.com;10
Lomi;Sustainable Tools;https://lomi.com/pages/affiliates;partners@lomi.com;9
TerraThread;Sustainable Bags;https://terrathread.com/pages/affiliates;info@terrathread.com;9
Mirascreen;Sustainable Tech;https://www.mirascreen.com/pages/affiliates;support@mirascreen.com;7
Sennheiser;High-Fidelity Audio;https://www.sennheiser-hearing.com/affiliates/;support@sennheiser.com;9
Audioengine;Niche Audio Gear;https://audioengine.com/pages/affiliates;support@audioengine.com;10
Master & Dynamic;High-Fidelity Audio;https://www.masterdynamic.com/pages/affiliates;support@masterdynamic.com;10
Audio-Technica;High-Fidelity Audio;https://www.audio-technica.com/en-us/affiliates/;support@audio-technica.com;8
Vercel;Developer Tools;https://vercel.com/affiliates;support@vercel.com;10
GitHub;Developer Tools;https://github.com/affiliates;support@github.com;9
DigitalOcean;Developer Tools;https://www.digitalocean.com/affiliates/;support@digitalocean.com;9
JetBrains;Developer Tools;https://www.jetbrains.com/company/affiliates/;affiliates@jetbrains.com;10
Docker;Developer Tools;https://www.docker.com/affiliates/;support@docker.com;8
Reel Paper;Sustainable Goods;https://reelpaper.com/pages/affiliates;support@reelpaper.com;8
Public Goods;Sustainable Goods;https://publicgoods.com/pages/affiliates;info@publicgoods.com;9
Package Free Shop;Sustainable Goods;https://packagefreeshop.com/pages/affiliates;support@packagefreeshop.com;10
EarthHero;Sustainable Marketplace;https://earthhero.com/pages/affiliates;support@earthhero.com;9
EcoRoots;Sustainable Goods;https://ecoroots.us/pages/affiliates;hello@ecoroots.us;9
Bose;High-Fidelity Audio;https://www.bose.com/affiliate_program.html;support@bose.com;7
KEF;Niche Audio Gear;https://us.kef.com/affiliates/;support@kef.com;9
Shure;High-Fidelity Audio;https://www.shure.com/en-US/affiliates;support@shure.com;8
Klipsch;High-Fidelity Audio;https://www.klipsch.com/affiliates;support@klipsch.com;7
JBL;Niche Audio Gear;https://www.jbl.com/affiliates/;support@jbl.com;6
Netlify;Developer Tools;https://www.netlify.com/affiliates/;support@netlify.com;9
Heroku;Developer Tools;https://www.heroku.com/affiliates;support@heroku.com;8
Postman;Developer Tools;https://www.postman.com/affiliates/;support@postman.com;9
Stripe (Atlas);Developer Tools;https://stripe.com/partners/affiliate;support@stripe.com;10
GitLab;Developer Tools;https://about.gitlab.com/affiliates/;support@gitlab.com;9
Patagonia;Sustainable Gear;https://www.patagonia.com/affiliates/;support@patagonia.com;8
Blueland;Sustainable Goods;https://www.blueland.com/pages/affiliates;support@blueland.com;9
Grove Collaborative;Sustainable Goods;https://www.grove.co/affiliates;support@grove.co;8
Thrive Market;Sustainable Goods;https://thrivemarket.com/affiliates;support@thrivemarket.com;7
Made Trade;Sustainable Goods;https://www.madetrade.com/pages/affiliates;hello@madetrade.com;9
Cambridge Audio;High-Fidelity Audio;https://www.cambridgeaudio.com/usa/en/affiliates;support@cambridgeaudio.com;9
Focal;Niche Audio Gear;https://www.focal.com/us/affiliates;support@focal.com;8
Bowers & Wilkins;High-Fidelity Audio;https://www.bowerswilkins.com/en-us/affiliates;support@bowerswilkins.com;9
Denon;Niche Audio Gear;https://www.denon.com/en-us/affiliates/;support@denon.com;7
Sony;High-Fidelity Audio;https://www.sony.com/electronics/affiliate-program;support@sony.com;6
Tailwind CSS;Developer Tools;https://tailwindcss.com/affiliates;support@tailwindcss.com;10
Supabase;Developer Tools;https://supabase.com/affiliates;support@supabase.com;10
Render;Developer Tools;https://render.com/affiliates;support@render.com;9
Datadog;Developer Tools;https://www.datadoghq.com/affiliates/;support@datadoghq.com;8
New Relic;Developer Tools;https://newrelic.com/affiliates;support@newrelic.com;8
Eartheasy;Sustainable Goods;https://eartheasy.com/pages/affiliates;support@eartheasy.com;8
Wild Deodorant;Sustainable Goods;https://www.wearewild.com/pages/affiliates;support@wearewild.com;7
Jungle Culture;Sustainable Goods;https://jungleculture.eco/pages/affiliates;support@jungleculture.eco;9
Hifiman;Niche Audio Gear;https://hifiman.com/affiliates/;support@hifiman.com;8
OpenAI (ChatGPT);AI Productivity;https://openai.com/affiliates/;support@openai.com;10
Perplexity AI;AI Productivity;https://www.perplexity.ai/affiliates;support@perplexity.ai;10
Midjourney;AI Design;https://www.midjourney.com/affiliates;support@midjourney.com;9
Jasper AI;AI Productivity;https://www.jasper.ai/affiliates;support@jasper.ai;9
Copy.ai;AI Productivity;https://www.copy.ai/affiliates;support@copy.ai;9
Secretlab;Ergonomic Furniture;https://secretlab.co/pages/affiliates;support@secretlab.co;8
ErgoHuman;Ergonomic Furniture;https://ergohuman.com/affiliates/;support@ergohuman.com;9
FlexiSpot;Ergonomic Furniture;https://www.flexispot.com/affiliates;support@flexispot.com;8
Humanscale;Ergonomic Furniture;https://www.humanscale.com/affiliate-program/;support@humanscale.com;10
Vari;Ergonomic Furniture;https://www.vari.com/affiliates/;support@vari.com;8
DJI;Content Creation;https://www.dji.com/affiliates;support@dji.com;9
RØDE Microphones;Content Creation;https://rode.com/en/affiliates;support@rode.com;10
Elgato (Stream Deck);Content Creation;https://www.elgato.com/en/affiliate-program;support@elgato.com;9
Lume Cube;Content Creation;https://lumecube.com/pages/affiliates;support@lumecube.com;9
Fireflies.ai;AI Productivity;https://fireflies.ai/affiliates;support@fireflies.ai;9
Otter.ai;AI Productivity;https://otter.ai/affiliates;support@otter.ai;8
Synthesia;AI Content;https://www.synthesia.io/affiliates;support@synthesia.io;9
Descript;AI Content;https://www.descript.com/affiliates;support@descript.com;10
Beautiful.ai;AI Design;https://www.beautiful.ai/affiliates;support@beautiful.ai;9
Steelcase;Ergonomic Furniture;https://www.steelcase.com/affiliates/;support@steelcase.com;9
Branch Furniture;Ergonomic Furniture;https://www.branchfurniture.com/pages/affiliates;support@branchfurniture.com;8
Ergotron;Ergonomic Furniture;https://www.ergotron.com/en-us/affiliates;support@ergotron.com;9
Manfrotto;Content Creation;https://www.manfrotto.com/affiliates/;support@manfrotto.com;8
Joby;Content Creation;https://joby.com/affiliates/;support@joby.com;7
Moment;Content Creation;https://www.shopmoment.com/affiliates;support@shopmoment.com;10
SmallRig;Content Creation;https://www.smallrig.com/affiliates;support@smallrig.com;8
Blackmagic Design;Content Creation;https://www.blackmagicdesign.com/affiliates;support@blackmagicdesign.com;9
Notion (AI);AI Productivity;https://www.notion.so/partners/affiliates;support@makenotion.com;10
Zapier (AI);AI Productivity;https://zapier.com/affiliates;support@zapier.com;9
Character.ai;AI Productivity;https://character.ai/affiliates;support@character.ai;7
ElevenLabs;AI Content;https://elevenlabs.io/affiliates;support@elevenlabs.io;10
RunwayML;AI Content;https://runwayml.com/affiliates;support@runwayml.com;10
Aeron Chair (Herman Miller);Ergonomic Furniture;https://www.hermanmiller.com/affiliate-program/;support@hermanmiller.com;10
Herman Miller (Sayl);Ergonomic Furniture;https://www.hermanmiller.com/affiliate-program/;support@hermanmiller.com;10
Humanscale (Freedom);Ergonomic Furniture;https://www.humanscale.com/affiliate-program/;support@humanscale.com;10
Logitech (Ergo);Ergonomic Furniture;https://www.logitech.com/en-us/partners/affiliate-program.html;support@logitech.com;8
Kensington;Ergonomic Furniture;https://www.kensington.com/affiliates/;support@kensington.com;7
GoPro;Content Creation;https://gopro.com/affiliates;support@gopro.com;7
Sony (Cameras);Content Creation;https://www.sony.com/electronics/affiliate-program;support@sony.com;8
Canon (Cameras);Content Creation;https://www.usa.canon.com/affiliate-program;support@canon.com;8
Sigma;Content Creation;https://www.sigmaphoto.com/affiliates;support@sigmaphoto.com;7
Adobe (Premiere);Content Creation;https://www.adobe.com/affiliates.html;support@adobe.com;9
Tome;AI Productivity;https://tome.app/affiliates;support@tome.app;9
Grammarly (Go);AI Productivity;https://www.grammarly.com/affiliates;support@grammarly.com;8
Rytr;AI Productivity;https://rytr.me/affiliates;support@rytr.me;7
Writesonic;AI Productivity;https://writesonic.com/affiliates;support@writesonic.com;8
DeskTech;Minimalist Desk;https://www.desktech.com/affiliates;info@desktech.com;10
Volta Charger;Tech Access;https://www.voltacharger.com/affiliates;partnerships@voltacharger.com;9
AeroFold;Laptop Stands;https://www.aerofold.com/affiliates;sales@aerofold.com;10
MinimalistWallet;Lifestyle;https://www.minimalistwallet.co/affiliates;support@minimalistwallet.co;9
KlearCase;Phone Cases;https://www.klearcase.com/affiliates;hello@klearcase.com;9
NuDesk;Furniture;https://www.nudesk.com/affiliates;collab@nudesk.com;10
CableKeep;Organization;https://www.cablekeep.com/affiliates;hello@cablekeep.com;9
PureStand;Stands;https://www.purestand.co/affiliates;info@purestand.co;10
KeycapStudio;Keyboards;https://www.keycapstudio.com/affiliates;support@keycapstudio.com;9
EcoTray;Desk Tools;https://www.ecotray.co/affiliates;partners@ecotray.co;10
SleekLamp;Lighting;https://www.sleeklamp.com/affiliates;hello@sleeklamp.com;9
NomadCase;Phone Cases;https://www.nomadcase.co/affiliates;partners@nomadcase.co;9
DeskMatCo;Setup;https://www.deskmatco.com/affiliates;support@deskmatco.com;10
GadgetShelf;Organization;https://www.gadgetshelf.co/affiliates;sales@gadgetshelf.co;9
TechArmor;Protection;https://www.techarmor.co/affiliates;collab@techarmor.co;8
SleekCharge;Power;https://www.sleekcharge.com/affiliates;info@sleekcharge.com;9
MinimalMouse;Desk Tools;https://www.minimalmouse.co/affiliates;sales@minimalmouse.co;10
ClearProtect;Protection;https://www.clearprotect.com/affiliates;hello@clearprotect.com;9
TechBox;Storage;https://www.techbox.co/affiliates;support@techbox.co;8
DeskWire;Management;https://www.deskwire.co/affiliates;info@deskwire.co;9
PureSound;Audio;https://www.puresound.co/affiliates;collab@puresound.co;9
AeroCharge;Power;https://www.aerocharge.co/affiliates;support@aerocharge.co;9
CaseStudio;Protection;https://www.casestudio.co/affiliates;hello@casestudio.co;10
SetupTray;Organization;https://www.setuptray.co/affiliates;sales@setuptray.co;10
MinimalCase;Protection;https://www.minimalcase.co/affiliates;support@minimalcase.co;10
SleekTray;Organization;https://www.sleektray.co/affiliates;info@sleektray.co;9
DeskAudio;Audio;https://www.deskaudio.co/affiliates;collab@deskaudio.co;8
TechMat;Setup;https://www.techmat.co/affiliates;sales@techmat.co;9
ClearCaseCo;Protection;https://www.clearcaseco.co/affiliates;support@clearcaseco.co;10
SleekStand;Stands;https://www.sleekstand.co/affiliates;hello@sleekstand.co;9
MinimalLight;Lighting;https://www.minimallight.co/affiliates;info@minimallight.co;10
DeskBox;Storage;https://www.deskbox.co/affiliates;sales@deskbox.co;9
TechCase;Protection;https://www.techcase.co/affiliates;support@techcase.co;8
SleekAudio;Audio;https://www.sleekaudio.co/affiliates;collab@sleekaudio.co;9
ClearTray;Organization;https://www.cleartray.co/affiliates;hello@cleartray.co;10
SetupMat;Setup;https://www.setupmat.co/affiliates;info@setupmat.co;9
MinimalCharge;Power;https://www.minimalcharge.co/affiliates;sales@minimalcharge.co;10
DeskCase;Protection;https://www.deskcase.co/affiliates;support@deskcase.co;9
TechTray;Organization;https://www.techtray.co/affiliates;collab@techtray.co;8
SleekProtect;Protection;https://www.sleekprotect.co/affiliates;hello@sleekprotect.co;9
ClearAudio;Audio;https://www.clearaudio.co/affiliates;info@clearaudio.co;10
SetupBox;Storage;https://www.setupbox.co/affiliates;sales@setupbox.co;9
MinimalStand;Stands;https://www.minimalstand.co/affiliates;support@minimalstand.co;10
DeskCharge;Power;https://www.deskcharge.co/affiliates;collab@deskcharge.co;9
TechSetup;Setup;https://www.techsetup.co/affiliates;hello@techsetup.co;8
SleekCase;Protection;https://www.sleekcase.co/affiliates;info@sleekcase.co;9
ClearStand;Stands;https://www.clearstand.co/affiliates;sales@clearstand.co;10
SetupTrayCo;Organization;https://www.setuptrayco.co/affiliates;support@setuptrayco.co;9
MinimalAudio;Audio;https://www.minimalaudio.co/affiliates;collab@minimalaudio.co;10
DeskProtect;Protection;https://www.deskprotect.co/affiliates;hello@deskprotect.co;9
TechStand;Stands;https://www.techstand.co/affiliates;info@techstand.co;8
SleekSetup;Setup;https://www.sleeksetup.co/affiliates;sales@sleeksetup.co;9
ClearBox;Storage;https://www.clearbox.co/affiliates;support@clearbox.co;10
SetupProtect;Protection;https://www.setupprotect.co/affiliates;collab@setupprotect.co;9
MinimalTray;Organization;https://www.minimaltray.co/affiliates;hello@minimaltray.co;10
DeskStand;Stands;https://www.deskstand.co/affiliates;info@deskstand.co;9
TechLight;Lighting;https://www.techlight.co/affiliates;sales@techlight.co;8
SleekBox;Storage;https://www.sleekbox.co/affiliates;support@sleekbox.co;9
ClearSetup;Setup;https://www.clearsetup.co/affiliates;collab@clearsetup.co;10
SetupAudio;Audio;https://www.setupaudio.co/affiliates;hello@setupaudio.co;9
MinimalProtect;Protection;https://www.minimalprotect.co/affiliates;info@minimalprotect.co;10
DeskLight;Lighting;https://www.desklight.co/affiliates;sales@desklight.co;9
TechAudio;Audio;https://www.techaudio.co/affiliates;support@techaudio.co;8
SleekStands;Stands;https://www.sleekstands.co/affiliates;collab@sleekstands.co;9
ClearStands;Stands;https://www.clearstands.co/affiliates;hello@clearstands.co;10
SetupStands;Stands;https://www.setupstands.co/affiliates;info@setupstands.co;9
MinimalSetup;Setup;https://www.minimalsetup.co/affiliates;sales@minimalsetup.co;10
DeskTools;Tools;https://www.desktools.co/affiliates;support@desktools.co;9
TechGadgets;Gadgets;https://www.techgadgets.co/affiliates;collab@techgadgets.co;8
SleekGadgets;Gadgets;https://www.sleekgadgets.co/affiliates;hello@sleekgadgets.co;9
ClearGadgets;Gadgets;https://www.cleargadgets.co/affiliates;info@cleargadgets.co;10
SetupGadgets;Gadgets;https://www.setupgadgets.co/affiliates;sales@setupgadgets.co;9
MinimalGadgets;Gadgets;https://www.minimalgadgets.co/affiliates;support@minimalgadgets.co;10
DeskDesign;Design;https://www.deskdesign.co/affiliates;collab@deskdesign.co;9
TechDesign;Design;https://www.techdesign.co/affiliates;hello@techdesign.co;8
SleekDesign;Design;https://www.sleekdesign.co/affiliates;info@sleekdesign.co;9
ClearDesign;Design;https://www.cleardesign.co/affiliates;sales@cleardesign.co;10
SetupDesign;Design;https://www.setupdesign.co/affiliates;support@setupdesign.co;9
MinimalDesign;Design;https://www.minimaldesign.co/affiliates;collab@minimaldesign.co;10
DeskTechCo;Tech;https://www.desktechco.co/affiliates;hello@desktechco.co;9
TechAccessories;Accessories;https://www.techaccessories.co/affiliates;info@techaccessories.co;8
SleekAccessories;Accessories;https://www.sleekaccessories.co/affiliates;sales@sleekaccessories.co;9
ClearAccessories;Accessories;https://www.clearaccessories.co/affiliates;support@clearaccessories.co;10
SetupAccessories;Accessories;https://www.setupaccessories.co/affiliates;collab@setupaccessories.co;9
MinimalAccessories;Accessories;https://www.minimalaccessories.co/affiliates;hello@minimalaccessories.co;10
DeskPro;Pro;https://www.deskpro.co/affiliates;info@deskpro.co;9
TechPro;Pro;https://www.techpro.co/affiliates;sales@techpro.co;8
SleekPro;Pro;https://www.sleekpro.co/affiliates;support@sleekpro.co;9
ClearPro;Pro;https://www.clearpro.co/affiliates;collab@clearpro.co;10
SetupPro;Pro;https://www.setuppro.co/affiliates;hello@setuppro.co;9
MinimalPro;Pro;https://www.minimalpro.co/affiliates;info@minimalpro.co;10
DeskHub;Hub;https://www.deskhub.co/affiliates;sales@deskhub.co;9
TechHub;Hub;https://www.techhub.co/affiliates;support@techhub.co;8
SleekHub;Hub;https://www.sleekhub.co/affiliates;collab@sleekhub.co;9
ClearHub;Hub;https://www.clearhub.co/affiliates;hello@clearhub.co;10
SetupHub;Hub;https://www.setuphub.co/affiliates;info@setuphub.co;9
MinimalHub;Hub;https://www.minimalhub.co/affiliates;sales@minimalhub.co;10
DeskZone;Zone;https://www.deskzone.co/affiliates;support@deskzone.co;9
TechZone;Zone;https://www.techzone.co/affiliates;collab@techzone.co;8
SleekZone;Zone;https://www.sleekzone.co/affiliates;hello@sleekzone.co;9
ClearZone;Zone;https://www.clearzone.co/affiliates;info@clearzone.co;10
SetupZone;Zone;https://www.setupzone.co/affiliates;sales@setupzone.co;9
MinimalZone;Zone;https://www.minimalzone.co/affiliates;support@minimalzone.co;10
DeskMaster;Master;https://www.deskmaster.co/affiliates;collab@deskmaster.co;9
TechMaster;Master;https://www.techmaster.co/affiliates;hello@techmaster.co;8